Predictor variable,Categorical,Sample average
D_MAIN_RDS,false,2380.1867529723604
D_URBAN,false,8318.981730897547
FC,false,1.0932203389830508
RAIN_ANN,false,954.6762711864407
TMP_MAX,false,28.003389772318176
TMP_MIN,false,3.9189830493118802
